"1",1.59595205858972,39.0966711771716,117.865447633626,65.6470277953186,75.2720340583746,34.7148265862577,0,2.17492832495078,175.27059591083,131.26998170112,69.9316385753121,165.082601303902,62.2944787418439,2.49842854291288,30.4903093484279,200,133.043799933164,121.667606368402,0,132.170446499165,25.1513737086745,118.020809955178,16.759798005835,197.845119348031,0,39.3150863696509,162.567550642171,78.914728564736,200,189.62063379863,1.44298636745071,15.2581210381424,200,163.776701940661,200,179.876498957119,191.196905171552,0,140.013972349644,161.591017887291,187.66245960531,67.0737431546746,104.019912729743,176.086822666365,0,163.865208394228,0,126.030740875419,6.89249587221585,164.929956088665,13.3347914218666,84.2710076243256,93.2293016949023,149.60837497673,0,10.7331039388587,0,76.5017938800862,200,151.199939735609,131.032648317252,0.22575915370954,114.145969528628,116.693573795394,28.2440487692467,134.480212895653,30.4607317784793,88.0275103759932,1.33503654388011,200,2.77980057104183,174.360868302239,0,111.955846613175,200,27.3631330106717,81.0169034840098,101.853863697055,0,12.0618430153003,4.26548032651381,58.4333494840982,104.206195556266,152.333483547278,188.139966235798,5.53657816100508,102.479860063533,200,53.3244853441289,123.502214225267,174.92434050042,105.2043214789,19.7156723935909,36.0933316303416,0,148.413532186928,6.89013553046482,114.302247895265,33.4488544755332,55.6370167249423,200,200,0,0,66.4109436364266,200,194.380237021044,39.8442056918857,56.2342995236373,8.45318621411742,187.135073859502,154.059521345119,157.310700376324,91.5808588889878,47.330066299393,91.5770360396627,5.66327979187541,126.767636763074,2.55693806094206,9.78982387132884,0,28.0291711099158,140.581932025098,182.252959018118,200,125.949877583167,4.47215637660531,2.33185963964001,0,200,38.7045379906042,88.8484744696209,151.530735322551,5.01064232617956,54.92779090341,136.230426847887,41.9099550625304,91.2560508446919,200,68.8721114491934,5.6689145089363,193.061235526244,11.8668858440297,16.3680414822579,0,59.1188093928582,151.868425558804,42.9001168969854,116.54119128972,128.21458124997,0,0.33281880637387,54.9218284501934,71.2904573685426,21.7158677986735,128.663458996986,27.2439499098193,6.47100072664264,200,54.2539488873315,196.322893750779,200,138.992690054722,174.814015932838,3.47335792815797,124.539486371574,0.546005722188574,200,0.270671212900947,103.236526992471,184.241216322165,22.6190624887258,151.835529810885,109.609896846222,0,0,86.9243109444693,181.717630024499,66.2038019829225,193.93291099311,6.05333835891091,6.57266832885515,110.099373254015,147.16996539703,200,85.973256888816,54.9135896606229,121.535167734562,13.4701646862928,200,5.41284255724375,56.4558189424912,3.8138433528865,75.053363217415,139.640759555526,44.5106057815121,27.0914403389707,57.3081475800263,0,8.45861998816739,99.50701362613,114.985496577729,138.372780182044,200,118.027584715142,2.23379331386263,168.847378510206,71.2765225625565,47.3720013904933,200,55.6644031166113,15.6936640731645,28.6754256502187,119.65133239093,9.81708579024029,0,0,45.4347412432933,139.988712454402,109.76923444674,155.90031969815,112.2584766785,0.15245179975152,11.6807099086228,189.879767938582,85.4576461538606,200,200,101.902496208447,0,145.829420548613,96.576511757412,0,39.8135196326023,131.790890140338,132.557117152836,8.68905267234829,132.686413261181,3.89159274544845,57.9506607350639
"2",4.51209991748776,40.9430990300509,99.3791638827107,47.7975693373356,52.7053240964188,31.3011375601777,0,28.6508099673622,200,132.077092957161,84.280708541457,114.551350901496,62.1087290351205,9.35127612086571,27.3613080708091,200,140.590650143054,103.15311419867,0,146.538113800741,16.4699650373165,98.2738959509992,28.262500032518,184.982829339613,0.0142722756212703,56.4422424253147,134.835583201822,72.0872290481962,192.065212586385,200,2.66789587802308,20.9610908069946,200,167.486251571263,187.972039024923,159.844057115613,200,1.93578317744234,156.314866373421,186.991820994871,189.487136725412,74.301078605026,75.2629149057632,191.334718566445,0,186.422752289339,3.88579030190042,122.835217660362,10.277256132413,200,13.1910636194018,59.639544032953,64.0539630237825,164.109330266042,57.5304221690648,5.94536966298457,0,70.0806443259183,200,115.276533095539,148.861752351055,29.6231769534182,119.031401402401,137.101068035618,29.1810894790657,116.069894152282,28.8059293900598,84.0082973609425,0.841742597530675,200,23.0273865271643,156.631707195406,19.4600134128012,179.140904433345,176.683096958586,22.7337652351319,70.682161019079,122.75997173827,0,41.9882993820199,13.3433673401297,62.3351641738819,94.6051627476734,111.447574392021,200,23.9300572997573,104.252199171096,200,52.9346082228195,106.215895457973,142.388067179774,119.036366328685,31.6008867863878,34.5062636923223,0.25416293107135,122.610360961269,28.1941205174958,135.621078487562,32.3117824618761,46.0433048145216,181.317629264584,200,26.1514652139156,0,93.4582725008933,200,186.286244605984,34.438909466869,61.8644217757311,31.7256619943507,178.71179987236,178.642915353141,176.86363616996,91.254805091766,42.3224846426295,106.970530342266,8.3687426399336,144.238829512154,23.8974992512294,9.25080574465305,12.6587621990196,28.5046359425029,114.958145088875,154.170801516087,200,165.721952576392,42.1494754514455,8.75634349656327,0,180.169872410264,41.637430831437,68.3369597320967,149.137877011465,12.5538982005814,55.3497237296981,176.934814800202,36.9189116463104,84.2329769168501,193.016997026347,83.0362201295744,13.138441328896,200,7.27439991159714,12.2695196084988,72.027401296523,113.893667558429,140.596835524553,31.7463950633758,103.642036869821,140.509279074537,0,0,69.9548613831005,73.4562291434035,21.2660564945591,108.118521419018,30.7966966206358,53.6342729542848,196.274621081041,69.3572689959347,184.654795460282,200,110.710789266603,197.870396137001,3.04191923097625,113.420413740369,14.5214013684082,200,24.3422473082076,189.810195494066,164.790469982734,20.7908021849419,120.336699803474,104.025350582886,21.1423001905674,0,159.465095693876,191.316993700235,54.7291694446331,122.703649566175,8.10362387273433,25.1500449405147,128.760240328937,177.167951640155,200,45.2380185029087,36.0207364336751,148.450987164834,61.6685492855536,200,40.6463063283532,64.0997891418657,22.0239135551824,85.3012786390793,122.30833932691,29.6357019021297,29.9687942777555,55.8615980765249,13.2354645615652,32.8158394224509,167.357484654464,98.1125840085962,108.238207954151,170.676886065478,135.49884498613,18.1776800684671,154.251452018556,108.883866331291,44.09699621822,200,46.5339747332568,9.50608695061945,56.7521606827152,123.833142535478,32.0677250010112,0,26.2117783304219,86.727028745767,143.235242616978,95.7174219475512,115.144886699752,153.206008130083,9.90997343596373,42.5170846828421,200,106.89048984774,200,195.935924757188,97.4955641681658,0.355943628355219,152.506142953188,133.518285843641,0,49.8822021939553,108.354040226808,138.54794454705,22.0042062292731,162.227420595531,5.69231837397961,47.2874864332422
"3",0,51.8165752132782,169.940585121072,80.8180312741974,130.843474025835,51.7874475705948,0,0,200,172.169228723415,99.0683604347018,200,96.6738702384592,0,41.3432688184887,200,180.190917438469,190.109269674382,0,188.704897978796,0,130.04592305595,0,200,0,65.0458588054856,192.654249556156,102.994637794134,200,200,0,0,200,200,200,200,200,0,185.778313846785,200,200,105.663282421981,164.998316244283,200,0,200,0,192.41180267587,0,200,21.4976078909209,104.17029230657,162.364738367029,188.440768384472,0,1.21322680296018,0,129.415512245886,200,200,183.619213514834,0,142.207120479359,182.178548356088,47.7287645847014,200,54.6868168901151,151.860312043291,0,200,0.179672214376391,200,0,183.865379121892,200,33.4621848721269,152.809705753705,160.405595107584,0,0,11.0481899638801,103.01699977559,149.214906082738,200,200,0,118.969894934023,200,89.9103342718234,184.98250421628,200,172.090249900596,0,40.4310622982305,0,200,0,143.906635118071,53.8535940348741,76.1369472783462,200,200,0,0,96.3761074133971,200,200,69.7302034840765,92.0491993465239,0,200,200,200,151.072538756466,79.9720899971563,164.263130301404,0,153.036258522293,0,22.1115438274507,0,35.9761157517785,179.454944924845,200,200,180.389497901672,0,0,0,200,56.8667735095891,148.804175462419,187.88754272974,0,65.5350511684975,197.637321329304,65.4352114327877,141.827297966784,200,132.167962398631,0,200,0,28.4057367741518,0,92.4188275785188,185.592633557062,53.2564764840492,192.420441336551,176.820058378933,0,0,87.5000766779974,115.821513445064,29.5224461503123,190.792981883434,43.7426894081263,0,200,96.1714433177386,200,200,199.015179859542,200,0,136.150241609725,0,200,0,160.945615760318,200,28.8264951436495,200,157.364329288998,0,0,141.385763554063,200,91.2895845351721,200,14.6608029898801,0,129.799587053794,200,200,133.730434486969,92.5805488514836,190.473426791272,0,200,0,118.210875894831,0,97.3911549433612,182.908743278505,58.817208873265,59.2711283051141,83.3828070322407,0,0,178.620423434353,164.587565610966,186.639109124928,200,180.515333613489,0,200,143.014224228026,71.8753180402622,200,101.503245597012,24.2715009898757,0,143.370729775339,0,0,0,61.1114016615881,182.263782582601,140.931254813736,200,170.794787758094,0,0,200,153.948738753622,200,200,154.990626365805,0,175.09959406247,159.596877018177,0,71.7371915315382,200,194.227519603343,0,156.075301954136,0.975550997514276,96.6967375882887
"4",0,51.8165752132782,169.940585121072,80.8180312741974,130.843474025835,51.7874475705948,0,0,200,172.169228723415,99.0683604347018,200,96.6738702384592,0,41.3432688184887,200,180.190917438469,190.109269674382,0,188.704897978796,0,130.04592305595,0,200,0,65.0458588054856,192.654249556156,102.994637794134,200,200,0,0,200,200,200,200,200,0,185.778313846785,200,200,105.663282421981,164.998316244283,200,0,200,0,192.41180267587,0,200,21.4976078909209,104.17029230657,162.364738367029,188.440768384472,0,1.21322680296018,0,129.415512245886,200,200,183.619213514834,0,142.207120479359,182.178548356088,47.7287645847014,200,54.6868168901151,151.860312043291,0,200,0.179672214376391,200,0,183.865379121892,200,33.4621848721269,152.809705753705,160.405595107584,0,0,11.0481899638801,103.01699977559,149.214906082738,200,200,0,118.969894934023,200,89.9103342718234,184.98250421628,200,172.090249900596,0,40.4310622982305,0,200,0,143.906635118071,53.8535940348741,76.1369472783462,200,200,0,0,96.3761074133971,200,200,69.7302034840765,92.0491993465239,0,200,200,200,151.072538756466,79.9720899971563,164.263130301404,0,153.036258522293,0,22.1115438274507,0,35.9761157517785,179.454944924845,200,200,180.389497901672,0,0,0,200,56.8667735095891,148.804175462419,187.88754272974,0,65.5350511684975,197.637321329304,65.4352114327877,141.827297966784,200,132.167962398631,0,200,0,28.4057367741518,0,92.4188275785188,185.592633557062,53.2564764840492,192.420441336551,176.820058378933,0,0,87.5000766779974,115.821513445064,29.5224461503123,190.792981883434,43.7426894081263,0,200,96.1714433177386,200,200,199.015179859542,200,0,136.150241609725,0,200,0,160.945615760318,200,28.8264951436495,200,157.364329288998,0,0,141.385763554063,200,91.2895845351721,200,14.6608029898801,0,129.799587053794,200,200,133.730434486969,92.5805488514836,190.473426791272,0,200,0,118.210875894831,0,97.3911549433612,182.908743278505,58.817208873265,59.2711283051141,83.3828070322407,0,0,178.620423434353,164.587565610966,186.639109124928,200,180.515333613489,0,200,143.014224228026,71.8753180402622,200,101.503245597012,24.2715009898757,0,143.370729775339,0,0,0,61.1114016615881,182.263782582601,140.931254813736,200,170.794787758094,0,0,200,153.948738753622,200,200,154.990626365805,0,175.09959406247,159.596877018177,0,71.7371915315382,200,194.227519603343,0,156.075301954136,0.975550997514276,96.6967375882887
"5",3.13959504428733,220.682853017054,942.608624704967,255.396591544785,592.847462626116,295.799716184777,0,27.4450408802677,1245.70418350247,884.13579089631,367.578435464607,983.414318359829,295.363696144198,28.3060532643957,105.149602176794,1351.88951754758,919.591382702061,908.093737838924,0,959.357051498459,77.7091806724156,396.946550975826,251.633648427345,1117.74725706906,0,294.603174003187,1072.71969019885,281.492179964744,1310.88201649931,1274.9960917694,0,7.55778605236365,1376.19516055878,1090.73566834033,849.094221134259,1075.50188653102,865.932457827224,5.55861523363803,415.29394217719,1291.83739380265,1142.09437536001,500.07892933584,641.480654620415,1081.76773498107,0,420.702736306486,108.168306562247,851.312431903536,46.4243688813106,722.022964082038,71.3458058556014,295.263848029582,835.143288266877,1128.56569221301,110.931772559218,12.6329358854727,0,517.797369012661,891.432915616724,1057.76952362248,678.343512151699,124.721399055464,462.299232670624,1162.92762283744,215.841726386306,923.732966888677,204.365943371862,663.93962966923,61.3170146772092,446.109388611187,249.824254026765,1093.53750740964,23.9818526335299,642.107833415115,1287.91131830048,184.119245750497,610.457651123168,1029.07510647181,0,42.5532707543367,112.358657597384,413.10967817418,665.615915464469,901.448866266305,843.180574036686,74.165232679083,322.178847423163,1400,401.904178895253,848.974280595533,881.994420123414,810.560940557157,168.963014560233,138.650094775321,5.48029256941431,961.566126101234,156.233601422621,502.67966305192,339.807986490454,189.979292310822,1292.56802136518,1400,51.3901069270285,0,581.299351347069,1289.79692418184,849.034439118938,333.466499841396,296.79244283445,217.018751970949,480.964201719998,1255.71220486495,1107.33970079977,724.188604898962,320.99384023015,759.2085963689,91.2221845906255,361.091991561061,254.112814708794,57.6641436820767,25.6507814147548,116.804991109929,955.890255070616,632.876383543976,1380.49215586113,1050.06878800474,46.0370830006036,79.7367186123252,0,1174.34553921633,204.668461505955,594.741908373323,622.838747064448,44.6246200965341,205.309793034255,1160.91026993255,283.467799536879,642.710424534277,1296.43047521586,580.306683951585,100.371745403054,424.671276894932,89.5810052272281,59.2331414985328,55.323901549525,394.282487400332,1038.52193345202,212.669477441974,971.107163131521,1041.02343138464,0,0.658474576271186,529.688710007792,567.822789692974,111.72792604534,827.341408516608,151.340737251203,102.017378917743,500.529870561466,566.428204528173,1170.96884688303,1219.78964417555,926.397317100061,1073.91694137037,67.6476455459928,379.470643867449,31.925907800048,1277.08724286469,5.48531868419646,726.757445303249,1186.93741334954,124.038827867939,1017.91635622291,979.125741098312,132.379445894141,0,1000.96186662921,1165.57509683665,324.364662002713,1155.57300854417,40.5092847727607,135.297662348097,501.989189157357,1230.1583698553,1335.17533826648,561.774180719205,343.023652739406,921.337211584016,52.6996416289376,459.462475844427,231.387388379113,544.977416135333,57.6566106015291,316.18661270227,972.510386500431,204.12040810376,169.288943876861,524.263048104464,19.9299678182211,20.9714865124863,1008.76095160061,803.458923163248,662.705695074935,1220.00236155379,546.961586081361,103.315261282312,525.604923317221,753.387616654893,231.895507454445,1186.15989607885,352.060324198968,57.2606361721953,205.044393905538,383.048490682845,134.412058633333,0,47.7930994805026,250.004221460808,1055.99022403998,530.862245024979,997.660865109284,1054.81723571215,29.2942812956989,39.3470240394593,1279.37226506048,682.586951664121,937.119158344595,1198.45629557932,602.684181001681,5.21173832545845,471.098619995032,880.412849625663,0,381.890198900662,810.437015486738,1014.60689753056,66.5684797889354,378.503320430762,44.7667284483624,471.17814808137
"6",0.343188892026663,57.8761689118148,109.410806877879,71.551398994158,77.4424929947342,41.1022622103727,0,0,200,120.052567830487,88.4811484816734,184.383924768022,73.4359531747516,0,41.9554586093371,200,119.763876935162,144.780350655843,0,181.547334285745,0.0185847280137796,148.081714108568,0,200,0,71.9657131523914,153.527697133218,93.3231147361291,200,200,0,0.496955772250367,200,155.823419146005,200,200,200,0,195.522668100871,200,197.789698039844,81.8264564854083,122.210063600183,200,0,200,0,146.149978510459,0,200,12.9916949303118,96.6672427816831,99.3091786393402,200,0,0.137983948814174,0,75.5156787916031,200,171.10965939074,183.836773819064,0,172.878714485455,174.890963851556,33.6152837007177,151.987174481186,40.9812153747554,117.441544344938,0,200,0,187.414449700718,0,200,200,33.1853893458198,103.872508562149,142.635384909276,0,0,20.0711740528546,60.8573851677141,135.00502621863,198.025496422978,200,0,135.360360830217,200,54.6023579454712,138.512318514905,200,153.076585769194,0,52.9769504009342,0,155.107024844746,0,169.586815982967,33.063200287042,63.4761892216251,200,200,0,0,108.043510089293,200,200,49.7913359865275,75.6598396237881,0,200,200,179.295280614208,115.71695740246,62.6040445807793,123.179727687949,0.219302645785097,196.108224944535,0,14.3040650502572,0,45.7214935421736,128.652514747838,200,200,191.425590623242,0.806809868618432,0,0,192.007061416838,57.7955560452826,113.391369311637,183.926074482749,0,85.757111844936,200,42.0396011879685,109.146348764615,200,106.681480781441,0,200,0,20.7149111317344,0,128.940820829513,123.609030299175,49.2287056824769,146.357297924533,171.685920808424,0,0,92.1786124357493,68.0128020058575,28.6549426399759,158.595430212611,37.6334738180605,0,200,83.2646452520695,195.781402717511,200,167.644545823538,200,0,166.387828513923,0,200,0,193.736888638385,176.014049281028,30.2125480967316,185.184602209757,121.346265472318,0,0,150.938910921016,174.506896714326,78.7644283935559,200,11.9273984879811,0,147.142290211262,200,200,94.8488615708018,66.2867717893034,176.354311242053,0,200,0,72.9643707618973,0,110.649149042001,136.291922159585,54.5072847991605,42.2295760585625,69.8003777265057,0,0,200,97.2429139313344,166.678586374456,200,169.16437143613,0,200,123.256211072263,41.6469190843489,200,78.3304787720191,18.4744090222378,0,190.999492659238,0,0,0,89.4280114937291,138.504606350564,131.042991914787,186.358385885866,183.793852818575,0,0,200,98.3431751090665,200,200,123.931385592577,0,200,155.304755670145,0,61.1059899017594,167.84365273888,197.532874321086,0,197.610945578202,1.09953029141797,60.3284256192431
"7",3.12833154976204,71.663505853427,203.642932470468,105.585380670637,108.477751171553,47.2397025325681,0,104.383441279324,374.3141746681,202.602888930332,115.145598479776,234.530033665695,80.4751081186847,21.3267765466905,48.436729304277,399.947857515519,167.541556792307,174.860073224975,0,167.849295031979,166.355067710869,172.596735558714,118.498340017582,400,0.347476080510917,102.601963217359,247.138207743324,128.113317980417,400,231.418114698102,1.28200778645639,182.640497340816,382.312068208826,249.396335422832,326.003062400929,303.675466115565,270.835408391033,0.520524778581138,281.356780794103,287.756581537851,281.231701702745,98.8638784929129,210.630122535782,213.175182739973,0,385.678105761558,1.10915577307958,246.420800895386,3.00591505246495,329.593965277356,17.1345556670142,133.873614373798,141.049649092945,216.149307482036,17.5984596717513,15.244152256507,0,116.785680765553,348.379104202176,160.823411177774,203.678120495838,5.82956648822168,239.109288319624,204.431500443757,51.1970022793283,174.352703969453,37.2913490452929,128.838458769513,1.22662704021692,323.551641277116,18.2808787568966,261.108202622749,107.009461699929,318.510631386448,400,55.2192342374836,153.681254712445,125.545164354481,0,217.026993481769,27.9540724249919,90.8157905996948,216.939327912919,250.373890075563,255.832142344484,24.1883906223534,278.311941474538,393.415425145191,78.1386552784561,172.689865066142,381.479862567584,158.901153470161,154.62213571182,81.5040355250196,0.00932036897978726,348.530790350245,32.1992907895196,203.463890991435,54.8913136210312,100.678147821903,387.660030477053,300,36.8275502357605,0,128.454277858071,334.51807694702,320.590988651704,59.7001678158631,77.9210938217069,47.2279854369778,331.079164249742,298.309445329749,287.710123903325,147.149578257212,63.9108732450389,124.085984835042,27.0213255014657,337.962501176495,31.50738439176,16.4158589546238,6.63212079333394,64.9267860987786,267.059850256758,292.894359394795,364.69079751186,194.106899515373,27.1746666397992,30.7965439598871,0,326.942034519038,62.0602835227105,137.451406294838,213.618182459524,12.1166287928909,102.977104520865,279.954728658576,51.1075807954155,113.787311130274,325.101372678593,92.9110895769457,24.5736101305687,304.463428963166,22.739818951691,40.6133774861023,88.4363180436139,205.783870933735,239.478085261756,57.6091529176139,200.882998405285,199.496222213174,0,0.455425610446149,105.547138485924,141.061430098095,32.6415568326234,197.460110974746,44.4588523189892,14.1531667508917,367.726657248723,92.9432404865522,269.960501027447,322.596556970321,181.28921130664,226.034727769504,8.01736703713329,230.145011172711,5.85448451581723,378.55761891201,29.5201475345036,267.438987767911,309.882696799581,71.8512843399014,309.105309817013,131.751251727511,20.2811536461781,0,203.083327318542,298.147785695872,94.0778680044082,297.67550219275,11.3358016712277,4.96992697182833,185.336759296539,293.01724650344,355.12297903111,95.845245917273,71.8128679954901,177.402814420984,44.0183871790178,341.909076758094,30.3189260374529,106.998732756452,2.31102076703645,132.434360269235,230.737202928889,59.9216278222424,50.7814867030305,82.2794878684923,3.56525947107277,45.4540131455366,256.722943899841,159.17957518539,224.590116952828,336.247791234962,203.393562359775,16.1644328932507,296.812444878138,137.310193710914,61.8748683935597,287.720116982012,79.2043431583258,19.1392268224259,118.730841301539,240.105907436733,17.734363492797,0,44.2807621147543,120.241122922126,235.945692991207,210.992276841514,294.714860344496,193.260803218067,48.4780066662911,130.923139362338,375.052087651751,160.073228230737,342.080526216705,362.155920720902,143.587505686271,0.468408834036997,298.49404439907,216.16408152258,0,66.4398417210615,173.791783821173,226.673685285235,37.9725797448422,294.138709217977,12.894694188305,81.6737853649414
"8",0.343188892026663,57.8761689118148,109.410806877879,71.551398994158,77.4424929947342,41.1022622103727,0,0,200,120.052567830487,88.4811484816734,184.383924768022,73.4359531747516,0,41.9554586093371,200,119.763876935162,144.780350655843,0,181.547334285745,0.0185847280137796,148.081714108568,0,200,0,71.9657131523914,153.527697133218,93.3231147361291,200,200,0,0.496955772250367,200,155.823419146005,200,200,200,0,195.522668100871,200,197.789698039844,81.8264564854083,122.210063600183,200,0,200,0,146.149978510459,0,200,12.9916949303118,96.6672427816831,99.3091786393402,200,0,0.137983948814174,0,75.5156787916031,200,171.10965939074,183.836773819064,0,172.878714485455,174.890963851556,33.6152837007177,151.987174481186,40.9812153747554,117.441544344938,0,200,0,187.414449700718,0,200,200,33.1853893458198,103.872508562149,142.635384909276,0,0,20.0711740528546,60.8573851677141,135.00502621863,198.025496422978,200,0,135.360360830217,200,54.6023579454712,138.512318514905,200,153.076585769194,0,52.9769504009342,0,155.107024844746,0,169.586815982967,33.063200287042,63.4761892216251,200,200,0,0,108.043510089293,200,200,49.7913359865275,75.6598396237881,0,200,200,179.295280614208,115.71695740246,62.6040445807793,123.179727687949,0.219302645785097,196.108224944535,0,14.3040650502572,0,45.7214935421736,128.652514747838,200,200,191.425590623242,0.806809868618432,0,0,192.007061416838,57.7955560452826,113.391369311637,183.926074482749,0,85.757111844936,200,42.0396011879685,109.146348764615,200,106.681480781441,0,200,0,20.7149111317344,0,128.940820829513,123.609030299175,49.2287056824769,146.357297924533,171.685920808424,0,0,92.1786124357493,68.0128020058575,28.6549426399759,158.595430212611,37.6334738180605,0,200,83.2646452520695,195.781402717511,200,167.644545823538,200,0,166.387828513923,0,200,0,193.736888638385,176.014049281028,30.2125480967316,185.184602209757,121.346265472318,0,0,150.938910921016,174.506896714326,78.7644283935559,200,11.9273984879811,0,147.142290211262,200,200,94.8488615708018,66.2867717893034,176.354311242053,0,200,0,72.9643707618973,0,110.649149042001,136.291922159585,54.5072847991605,42.2295760585625,69.8003777265057,0,0,200,97.2429139313344,166.678586374456,200,169.16437143613,0,200,123.256211072263,41.6469190843489,200,78.3304787720191,18.4744090222378,0,190.999492659238,0,0,0,89.4280114937291,138.504606350564,131.042991914787,186.358385885866,183.793852818575,0,0,200,98.3431751090665,200,200,123.931385592577,0,200,155.304755670145,0,61.1059899017594,167.84365273888,197.532874321086,0,197.610945578202,1.09953029141797,60.3284256192431
"9",5.99706571166163,549.632591761158,1457.1631766102,443.451753188396,908.314757146755,608.686679569045,13.8542445262481,373.520989107043,737.371377889864,1510.72143687133,460.131746710244,1666.53229738963,690.9973591379,112.13957689613,269.553995938171,849.262598887343,1658.63126512168,642.674250618092,0,1542.25654411558,633.994436499452,475.291486128951,231.506776268165,2210.40790331669,0,636.532754216816,1803.43733514902,449.467440728327,2012.69917683902,1948.01894497915,6.27073974566354,455.119331460242,748.597009927029,1723.35598979422,572.543522728708,1842.76704922988,1440.25666224115,22.0221224246369,693.164835431721,605.932041366033,1984.95808562748,529.64392134076,1660.13230915696,1801.42883357863,0,689.237406917714,4.72408738167376,1636.16987285639,32.6464853799095,1385.19531215983,216.111264314402,457.284607820648,996.711718322887,1785.41026871975,139.710796870144,54.0589887257728,0,1089.31166780973,686.810382706763,1413.01315425301,1178.63347510339,99.6711960164878,579.603983683638,554.72625999422,584.573421749137,730.134463175636,656.912323115025,1155.89651988793,20.6763063856415,570.225598833861,86.2312173703243,1799.33438294225,256.042749320459,1190.09968414498,2298.39274862996,259.623331938481,1123.6445655976,1465.22600080962,0,910.18075013371,126.979481429419,862.962459321555,437.306154669086,1679.34830948798,1395.11178719202,120.742590507044,754.501721015436,827.640056013433,938.219941350163,655.296938883894,2261.7162897005,1398.67217845299,570.191271894518,374.371476027289,0,2094.95516460044,174.009851909187,968.336923019728,678.867489713596,445.694061367729,1938.27892131055,2182.21008612466,94.9393983538003,0,483.693104689525,2088.21907942938,539.468354911991,679.743158345148,716.486801579348,209.027088497185,597.822460252466,696.880680665412,1870.98646717865,602.403823047888,867.176394632705,1175.26097499301,216.157414233373,675.641281906524,45.1074876299806,220.819234613131,126.461036520628,455.44367645423,1753.87034291312,504.602837054555,1991.75865352986,1675.74577140185,102.635449722448,204.801821114005,0,1981.10100405767,432.392111310007,1089.38321070135,1200.52866214314,177.014967441356,453.798806298437,663.552464577794,712.45065525401,597.220848559971,2217.46461131309,1114.26917558373,93.8366971067566,546.081291656097,86.6831159954499,368.259579162753,245.872033432391,864.910291135437,1659.21842328404,370.101620760643,1333.98289343952,1705.02439671606,0,4.26357708819362,510.277992544226,1059.13538154967,194.232373178287,1457.67070107075,394.653159553131,144.630911568346,752.475698613874,480.105339708352,2038.53794278556,1021.2627130902,1802.01824522139,1718.14788706672,147.341999957329,517.021813540633,44.9506239496865,2266.9184297788,98.5925917899364,1078.99863203037,1924.66005964576,254.704450595082,1568.73330927756,1366.75486864554,39.8876232934351,0,549.658358328355,1856.15309800353,425.273812305368,1788.90959765615,93.9934430241184,24.0543479691682,527.614261323193,686.803502648262,2128.04586684477,594.596517922733,937.617556664472,1486.02593582143,315.828666443314,614.421217805701,173.466494750709,1005.28919563975,126.00698392729,738.327603193693,1635.86172890134,421.037265172686,564.804145363433,958.640319551915,61.6124905009564,126.961536970478,579.62447991169,1320.31881470225,485.623159647318,1935.72415593926,1058.41308096656,111.534715610281,555.844663952576,516.879902855198,782.688804621741,861.462369914371,1025.14838300955,219.627846024637,593.086186500138,524.843753659079,155.792866701901,0,209.911527088666,733.45450588813,1666.08437178325,480.459246393771,1525.20487597499,1732.63884376148,89.6771314360534,411.389795534361,769.7715449297,1222.56714625987,659.472331268929,1989.04965959719,987.783281502472,0,664.37440548671,569.438768477943,0,452.908466294052,1772.05592303515,1636.86032547417,304.994914650596,549.989950940444,10.7862763664298,876.655209223891
"10",28.6942578419382,1223.92031377916,3025.03393699908,1121.39523173195,1743.96079556852,1159.97460197546,0,806.12572840316,2774.35825479189,3271.42924737704,1390.20493434888,3338.08159596776,1740.89301112113,267.564070234917,677.146849228832,2850.72345562615,3321.0800907137,1780.68305008083,0,3243.1305600653,1686.54101859348,1641.33021985587,505.854524621935,4250.85130477067,0.831460674157303,1703.97932798296,3347.41223445294,1282.26509272277,3821.22357025135,3783.62701905317,44.4458131719674,1208.30971565006,2687.87239389302,3524.81273109326,2159.83943981513,3621.91012413168,3551.67457259716,21.592029370529,2149.8716880065,2261.98338312653,3841.76298223416,1327.09756996836,3158.67948725244,3573.79665812635,0,2482.04861330743,22.856334415742,3369.92824016058,47.9686623473014,3490.68422641643,408.954683031686,1329.16574461942,1942.96144090624,3598.60039637536,243.24785995506,219.513814801767,0,2292.65174718229,2543.98314218679,2760.73390333308,3137.8642273945,73.2045472198762,1949.20877965203,1911.94629729451,1141.37511548324,1805.54639630768,1015.90391976876,2583.99590159136,10.8054026041625,2321.81908279489,63.5858797383365,3475.38882106838,821.24317870122,3511.72964713224,4361.89361434095,543.305001619688,2167.95583998141,3070.45589424848,0,1996.06867942181,338.28120360809,1836.56581574949,1781.08230500773,3410.39978526236,3478.80403131005,241.291010447725,2321.87777092234,2796.77709081558,1809.79647792744,1821.88321218361,4153.08913463626,3025.47361555408,1462.34233758761,899.555262187094,0,4033.16800296607,315.047744769111,2729.09886312852,1115.78529495962,1047.44135607805,3707.25081014144,4278.93913791446,268.183906676576,0,1440.50735299393,4003.78274282566,2098.16948548625,1195.27923558774,1824.64305161451,472.668983511492,2229.61853701826,2333.55942294953,3628.29372654959,1645.82016562244,1529.18071350126,2522.15450432625,425.337336470972,2301.44271667884,187.298563998663,412.368439376375,100.906960765607,1095.84151651921,3553.96330166246,1840.60301897082,3632.21868136572,3487.5570679615,307.44576455061,348.524466065521,0,3888.02864719699,1045.10925529322,2372.01909619546,3229.86412903412,182.836444398845,1249.89468309912,2310.20181044955,1375.64293393145,1556.97676901741,3843.86193933923,2261.77548003945,231.902660654289,2148.06580686281,149.452588586009,668.372329906609,756.854842621947,2609.87632350492,3531.35395746326,761.336795443895,2504.44925484469,3448.97491468221,0,21.8253217613052,1311.29419176,2314.16406674399,477.259426864992,3093.53820439428,941.309264409165,233.878468484014,2522.88334623635,1223.73617607263,3892.73647499652,2497.90195864403,3046.39108162493,3481.35383354898,161.359451535953,1895.45770531498,52.3317007665008,4343.3179005343,221.813252346362,2997.57714416704,3713.04773627101,705.861426153832,3055.5283552787,2893.00511761132,149.119743160947,0,1806.41455103041,3624.83396437288,1231.74010837234,3569.22556317468,260.242148279673,75.2721952599456,1687.166926373,2257.6202449212,4069.98059325974,1436.39440371087,1640.62292989407,3175.41014674724,522.867216795424,2306.88233104428,322.242100022564,1967.23035212118,67.1297821236749,1997.11589243055,3276.22962766978,872.794832410113,904.951444699453,1942.58936900418,165.097731598848,382.416797529557,2237.43181932329,2992.10031116768,1902.5696758825,3810.8366712421,2933.29386068679,182.147767788781,2138.19834937312,1644.54426807644,1387.87031250518,2190.2988305481,1813.51284061661,466.057610294189,1539.52707886002,1924.86745969595,200.800264447236,0,342.265627620766,1774.13677272524,3269.55274697727,1603.40031565937,2958.23425289614,3410.06724573014,340.91378850644,872.26752907807,2743.62129173818,2735.59690470048,2551.42529325868,3879.48690032337,2574.58189823953,0,2091.87437867877,2128.43354812177,0,991.658051004018,3057.44713794088,3339.59171245567,589.443065502191,1964.71232214773,46.4667419537051,1643.46446504869
"11",42.9186979488716,1444.96838150646,3184.5289115744,1607.21867025834,2171.65738471802,1336.45320411124,0,136.382055617424,2591.66333000111,3426.64166863653,1862.88201101872,3657.78847506937,1954.9541465289,172.513273880698,685.30379321275,2380.9897457949,3454.34720398951,2268.56848887118,0,3522.5411026275,529.171383464591,1834.19058628981,669.492966873394,3787.5516120167,0,1765.71385242083,3617.23054697711,1800.28965812608,3788.09576558845,3785.35167512692,22.8835773919793,236.1979523729,2555.96076284235,3753.88637472225,2588.76905202752,3793.76886383709,3548.62088188779,39.4846656808254,1901.24736222115,2256.28422439484,3930.11184618324,1721.33169158211,3033.30059661932,3711.04469152854,0,2235.94770086306,46.1190670117375,3419.39074322993,64.3326399116724,3757.06353640105,467.92646470979,1844.81259540151,2362.10341821743,3720.08709509249,220.247732586582,4.97529274807374,0,2588.623613986,2865.42567657676,3353.33010402832,3327.7228348754,113.659041934467,1854.89376116809,2045.55034922882,1209.81008246583,2242.78981648832,1223.14296780767,2869.03848241424,18.7778958239896,2273.23993585992,108.198936583338,3740.50456060577,187.179970420993,3369.10131748324,4134.00650027917,773.068470686783,2598.3127228279,3372.84991387418,0,495.429311433929,322.820415940218,2176.63951896846,2285.80079174075,3769.1530214669,3536.5841934729,144.877339869492,1846.07588822768,2416.24363740837,2141.2048181701,2261.88510737801,3798.34019329766,3358.89098929895,483.239907105568,931.647412687616,1.15899843505477,3301.94849708155,169.791195260957,3154.27012876773,1263.59518168204,1467.05379454892,3813.48727411769,3968.03961591182,135.177871323561,0,1722.60283567716,4017.99826442266,2600.17281104253,1394.54614454872,2032.13525753585,286.666497197842,2099.33527165112,2237.50975655407,3739.11253426987,2120.17307386698,1692.89412657491,2831.93004410942,172.354393235511,2166.15038639238,204.782654746843,527.562143757336,35.4945239643559,1161.89137100067,3577.11129139963,2309.24960019688,3771.78900076648,3663.93844966745,244.388069711878,22.6142427653318,0,3980.15559628086,1309.76526620836,2769.79789622439,3317.29331614236,185.715691351924,1314.03021039865,2263.8861694145,1554.94828978794,2038.06158039868,3717.40722332636,2718.07817803574,131.362450424043,2199.63695708093,238.038872323143,668.085140483584,149.240131047817,2688.1706103579,3406.14859440988,1155.27524714183,3017.78219128104,3574.79397394046,0,4.12686332041591,1498.69117215143,2456.33153858937,604.685798453712,3363.98124580309,1025.53704397337,202.021072936503,2183.82715182992,1345.44141384863,3956.38939791271,2768.18729121149,3348.34011760789,3627.5048617807,109.664924758942,1947.34431914271,21.3693391364517,3988.47310047149,55.3081573733991,3311.60958996978,3838.66387037727,854.574436691057,3327.12419786735,3213.41701819016,96.4845025873805,0,2000.70069769484,3853.22472409068,1604.91990505597,3861.60187105673,273.484805332158,82.3876129113473,1773.93905811252,2169.72571982686,4028.76022804048,1819.3644695251,1906.59118335846,3454.64162549923,294.782196214054,2239.74646716955,393.540355592222,2304.75536571488,53.9470469198307,2389.60352290079,3446.94793380245,1211.4922793388,1175.33139607943,2272.05567044032,185.775051788509,67.90270708216,2288.31142741548,3029.84128871065,2358.20232569502,3912.55654051417,3171.41623196526,188.839294554565,2012.17083047766,1630.95368650461,1641.96008847785,2589.19277199126,2026.56645441696,566.235754267994,612.861367251386,2025.25698458874,230.698226383666,0,50.9846271195238,2130.93870762273,3501.28355110482,2190.76115461975,3392.60133724735,3620.10185618661,186.660382635015,108.75730816097,2563.0041085715,2940.24306090381,2884.23324888249,3960.28127791088,2715.95405368056,4.24451148948866,1920.636262241,2140.33835695367,0,1389.71599676569,3308.85885440529,3572.99740134062,302.359735407218,1993.73426946544,73.1564914679563,1876.07494956684
"12",3.52048570481849,1037.09745352915,2183.19839939505,1274.13446138068,1922.79702541183,1315.49756156105,0,59.1154810475506,2127.75464896439,2100.26821016869,1429.18616480426,2333.38176655741,1832.92203358203,15.7138023721744,433.047993038602,2350.54257219398,2388.74239340052,1833.30178018545,0,2199.42947214609,144.865468912712,1122.91477811491,69.8646770457802,2400,0,1283.53316723231,2200.98791291878,1476.46780632276,2300,2400,54.1782194105793,209.448907198113,2140.2616438082,2195.98555182995,2124.40414806065,2349.59123062701,2326.64746824994,0.686739824519716,1605.64031572967,2222.97633385639,2471.55143840071,1408.26187530547,2094.12291581036,2354.79845869258,0,1475.79796448457,10.1882397190141,2313.94585327825,58.4421598527643,2187.24010883425,449.186090429068,1564.92871339429,2001.29153243046,2381.49953635297,75.7535278685395,40.4629351903681,0,1808.21380293498,2188.69490043886,2357.39521227357,2208.26412777418,37.052174054959,1362.51322072897,2168.4436301745,1346.63740058497,1912.40533121015,1325.12213535272,2028.2959791484,27.622565194416,1441.51745810612,71.3181153952591,2400,49.2498738710723,2092.98382635319,2427.10017450848,580.871067406713,1937.71910803757,2189.02495330305,0,260.103397054403,132.817467005453,1168.79401013304,1742.0348328325,2314.2063691887,2324.46486559359,8.56200391886968,1138.23541796268,2316.71520945012,1917.86656457279,1951.05750536034,2307.54857102818,2091.36803700494,98.9140340690473,528.913256964017,1.05884883564694,2324.89991904831,166.365137175961,1849.98634944208,1100.6746403653,1057.064303988,2299.12289897222,2419.33433079326,44.0939464362407,0,1077.9008761512,2259.23548783744,2119.30091075705,1643.9974678936,1801.72608091892,72.1548103688354,1725.78755565915,2332.07883182993,2433.25773694415,1613.45498169975,1741.30770397871,2132.8263976808,104.082619102777,1303.39056215963,66.7734981811859,603.381163213642,15.9666077260732,862.708851610574,2165.63422426916,2052.36603427743,2300,2332.93815071884,63.9451337587665,46.7061520477831,0,2234.27216485395,1032.00848915538,2063.57203076566,2291.34108795773,43.1155075215739,707.776058753473,2192.8425720379,1713.08058360151,1738.49456696476,2300,1907.60769826316,12.9844233579489,1417.60821687705,65.3758981002489,861.150711527617,120.691795256004,1572.90178903987,2210.56453229067,849.437841156762,2146.4980998106,2333.40406101091,0,0.924316054146034,1056.10398575136,1718.82441974168,437.477857724375,2270.72445776452,1239.66924987021,46.5004917329942,1685.97269943244,1539.67869349898,2470.42890517417,2331.98259917287,2251.09259208638,2376.62334827008,88.7262744049992,1229.03293770476,9.18342609070333,2426.32298672349,1.87022187443513,1964.82873226663,2226.86939640684,566.294789804821,2201.43953755481,2180.6472197437,19.2794342568636,0,1442.48198202028,2200,1307.95735526175,2400.05852140719,526.143606683325,32.3862334309724,1343.54885100292,2160.66393561588,2500,1661.80572149523,1782.83882963583,2174.17919394309,41.4024420562104,1535.12720201359,145.203693110592,1951.64675531493,49.2698160304253,1553.64538226547,2133.47515850813,1045.84609011519,1358.38007139493,1905.88195488446,418.718045763715,66.4533637008259,1716.54833988329,2037.64783653278,1920.33330641764,2400.64546636789,2129.85999299022,10.073541649862,1520.40267581271,1876.15231532682,1718.04303545017,2276.99899362633,1840.12303501525,631.408318203109,110.747666727232,1172.73806920977,45.0874245114136,0,3.36223413259393,1200.43011454027,2095.95969060459,1750.07472930951,2193.62823827747,2278.13368478392,32.1394730377603,19.8564535175264,2167.54870975566,1889.60582179989,2249.91643392493,2384.99412581624,2046.58476619897,0,1515.40381488325,2037.54924126068,0,1161.37911012546,2185.86641434895,2233.68156853068,51.5839021608206,1200.90077429182,32.7869546588815,1890.76582385828
"13",21.4784529026761,562.635082891869,1683.5391692554,797.275637147861,688.212929756378,537.476777827563,4.81538461013781,212.77614333902,2499.38506549268,1612.68636954055,913.660870691992,1642.60420932612,639.187939599882,251.011916133545,471.757699107934,2344.14792689128,1750.81031955649,1362.36477341549,0,1783.85984601626,359.903360531552,1376.28611316151,569.480444175116,2485.73721348711,0,807.165693851585,1882.8270185199,1023.75076235988,1766.47748214885,2260.1419030273,14.9741803531256,205.25163139899,2645.6792939672,1890.56730284823,1478.21174767396,1895.24780676065,1457.4984652934,33.1753144855618,1675.73826943724,2026.13392690192,2280.78051235753,1047.10445668045,1304.59418915536,2189.43289893798,0,1631.67675442342,144.540491008737,1890.93048395796,64.9089515680963,1770.24584663153,176.217902810975,932.099309808509,907.712848663882,1986.64666321126,593.231621143514,72.3501132209061,0,1131.66987561365,1669.08910641286,1503.29570319413,1298.19336062958,240.430877278043,1611.90014221976,1751.3538686674,470.838630884699,1423.15619585756,497.816292002535,1320.37799976305,64.9407081530772,1843.59617072226,206.634731175406,2248.43960334576,135.366401251694,1533.25475430561,2449.92212012278,450.550372473585,919.264532692371,1609.40088949793,0,438.660666126702,240.677211355433,1021.02820998698,1160.76425212496,1735.90228019967,1424.83252102825,205.854269412684,1350.02309394392,2478.57380567488,971.113951521496,1401.07169320293,1963.59168576778,1640.77214045729,419.540661034851,600.466461916904,14.2541931215603,2108.30729585829,372.288980313825,1467.42758366035,632.680839086168,793.01063415517,1760.67426047265,2496.66657045362,410.351133260656,0,1376.70531500782,2303.16422766443,1401.46109998914,552.932686623728,702.365701926779,549.233210707861,1901.82393312346,1996.40260341837,2139.86592633504,1376.35962041357,787.877314925136,1539.43300856421,449.78419293205,1769.66896809637,272.519911097351,177.458534201752,73.4637067338045,415.550006743745,1802.519911215,1511.65089803302,1999.91040473202,1864.49317735669,519.000185024976,172.535179130116,0,2220.73471315179,645.487992282459,1193.8490609321,1254.32028065302,197.95899572798,968.22304631871,1916.06356832653,727.602909705669,1191.2623386719,2160.62032202611,1296.32715222787,186.956037780886,1747.52207926656,198.145069967614,249.943771293879,391.179821506565,1175.92807764169,1947.50406317144,671.677460302088,1212.35039955124,1809.09774833134,0,0,1150.60380634672,1126.88055606915,315.30303315326,1527.32686899557,379.339417159084,353.945474696251,1790.4001218429,1141.67588075711,2353.47196500088,2287.80570386902,1669.6757760458,2055.42887492771,82.5121522046956,1603.55556908438,55.3285478164675,2693.51955756211,209.924354729492,1633.28101090058,2185.23641484882,382.05587101023,1419.58259662779,1475.36607226072,166.440176865347,0,1800.52711589547,2054.39176677703,718.021581683529,2109.94623732801,142.735061663395,318.327063500463,1402.76076293679,2019.16374569762,2631.45219761997,1037.32367068539,767.060889731171,1833.23009256016,408.775117861031,1813.0233007572,407.637020105427,1262.88862421294,208.586718464643,948.311392224445,1817.13645791897,612.184541535642,398.884774069545,903.72723624372,142.403027906957,193.372386142109,1990.03792324475,1402.47334738409,1297.86307051236,2041.93128418915,1214.09789887882,228.593359854181,1568.34160764714,1432.30527597273,719.19172473806,1917.87722907211,797.803682632135,155.242406766528,559.809107503195,1579.54730059865,338.516072916049,0,215.541433527567,1036.42026371312,1847.02671288343,1170.80139847508,1368.34337902189,1764.99660276625,150.594328745825,260.205228022239,2484.72929323659,1309.33756094326,1754.96495653711,2161.23441390411,986.27855967218,20.5274236057871,1578.73760663339,1745.73376393263,0,743.898283534328,1624.77371000839,1976.0217691626,452.887676479271,1600.31095247892,53.6853631084731,1008.03481199938
"14",2.58832244126937,616.483491325321,2301.1464255673,738.211470920213,1210.70880414587,547.997464951676,0,447.620610205842,2072.67080279905,2141.01579066051,1001.18178024519,2107.48221959755,759.084537547773,93.6566681984818,335.521844553514,1922.91008863722,2284.85923000366,1946.25385023516,0,2162.45426072962,402.117997263141,938.910031734737,494.162766840725,2707.83890532261,16.0926491996251,823.728400904997,2396.0261882528,967.788721447609,2381.43347067359,2079.10294058931,87.0168269017487,448.111794321223,2359.45299907081,2355.13409606544,1441.36139603112,2049.10230168337,1788.50636914393,88.1796355344219,1428.01956168735,1711.64910594538,2572.02722280436,1342.72432591593,1401.8220453835,2521.07536371326,0,1529.88501406136,30.4503710326667,2240.92202537493,140.192513990121,1988.13189920309,274.153215458966,955.67988091046,1502.00297359468,1987.49339147551,244.498682798759,131.530326301499,0,1503.4744930372,1630.64479676305,1970.14690874683,1544.93009746537,269.366422080202,1327.99711410054,1418.66264022001,610.778568480468,2084.01475214338,510.063039000021,1521.10884853424,33.0635650311043,1553.07012813855,255.639235581165,2600.430501181,298.46736791019,1798.39912609599,3083.78994394902,402.754119438147,1515.19788666683,1655.46726777615,0,749.612932976791,109.107325188443,1278.80449733939,1318.15302102861,1906.60554197919,1667.71217957602,178.968657732899,1246.07038682272,2096.28494198604,1209.83117752633,2006.53417336527,1922.08506875153,2136.25842583396,398.469447580485,426.550300467762,0,2408.01327170401,487.094510995191,1423.12567228901,683.427504724078,775.823936353829,2431.40082060524,2487.62206656751,98.4849152049277,0,859.589548837902,2837.56559996153,1518.25634738969,692.946931005483,704.278465311324,270.446982668406,1722.31739865702,1696.03545892203,2569.93426302792,1691.49538496631,861.341818312499,1737.2633842694,202.930743033208,1391.25723925329,244.946428077926,244.210390712125,85.6604176467845,416.26979499781,2404.22692625723,1499.20544254569,2549.86565196655,1870.94110066144,151.017549374454,113.240043845839,0,2649.9476154979,465.081205863669,1339.98671234033,1610.8311160849,184.075288172412,550.989181308519,1561.41334673593,825.724875856257,1479.21626884768,2151.03251799142,1473.64832065544,107.816408176693,1427.10498122215,271.015245659657,305.688048426623,659.572210479431,1195.31771496991,2506.9492172163,469.021751055902,1913.32560590019,1949.57855927245,0,0,708.130027039362,1255.47731492278,202.707187672967,1813.60863770192,354.299923726788,391.907242102393,1669.81635566964,733.987840242514,2561.54740997741,2641.2547977111,1879.46167127101,2467.96349504936,77.9524668764121,1042.8221891902,85.357540849083,3061.7436345465,260.506776087822,1773.96554801078,2798.40352882257,382.824972508186,2020.0166578501,1496.03483861985,138.264037908332,0,1176.69126339347,2711.6956453715,704.569736925434,2111.60402576486,77.0575256114643,258.675683081984,1307.6720910774,1597.89827059794,2924.81121983168,1494.6695462692,924.047688563494,2123.69579260693,281.313610164291,1677.91470464842,393.724952257493,1328.11713993391,157.660498437029,953.719365603075,2231.19416520951,593.763906131603,600.484094380417,1018.19302752449,117.14377332131,255.802476763039,1404.47282259663,1952.36572634672,1336.0909752573,2118.60468998167,1400.65295500035,115.054634681216,1472.06487159749,988.694732369202,964.926109545105,2462.13274385378,955.076024495514,249.306509876942,414.793988078581,982.042924768679,281.945605740616,0,269.583028711491,862.057195934294,2328.15803984139,1129.66694720772,1996.06073980974,1818.8292180825,117.960718700491,428.105426487304,2012.71368931075,1767.11492004914,1515.03547574485,2169.32307397832,1148.85111175859,0,1471.8555232369,1304.45465912271,0,853.364469884719,1649.77430850342,2337.88492038828,305.151845433933,1262.90680675299,50.0420706371023,1120.33010330077
"15",37.3594688026769,2632.14113043457,7012.27693115648,3571.9191713794,4501.18360618762,2279.99256478319,1.50855540951807,998.843120425282,7280.43531001515,6902.64229338905,3943.09655423307,7138.63403741113,3304.1564683152,324.542159710238,1417.84521898085,7396.1869451584,7291.15212380653,5911.06432963932,0,7263.65020069493,1096.76309265857,4449.1264445099,1073.69111334234,8850.91263746699,21.5131126081171,3125.19108384816,7510.71265076767,4371.35594338012,8435.93803516016,7980.72395170574,126.401854557077,1065.5601529286,7862.37397753167,7643.81130058586,6550.67630060895,7584.86820259286,7222.86934364664,132.883420509983,5672.51783846621,6766.96108686214,8548.1184306038,4133.04022538883,5823.79919734797,8200.85137972382,0,6301.02620433907,161.437416109457,7447.20453421533,217.74574776418,8077.79746458797,900.00039876525,4337.10318023298,5326.50571953846,7620.20787340941,665.336916174892,299.249947164913,0,4829.31319671192,7131.90141899034,6697.15128070424,6373.3865524876,502.785845606922,5277.15007271191,5284.7806325906,2158.23626912347,6177.99370175373,2158.43545402023,5418.04598731425,68.8220647166726,6582.97418765639,445.837944779422,8317.35504120919,607.293552099702,7311.03627145805,9674.09867443096,1604.29361941742,5517.03517918609,6692.9269549022,0,2029.76789789925,572.743019734365,4121.61434493408,5161.88151561696,7116.71920288517,7046.47420022059,413.695186931656,4686.35273150317,7723.82173208413,3772.24450565174,6156.76685483756,7631.15490063488,6927.91321681072,1097.92537588733,1711.24102300849,6.25601131070983,7925.48978407577,958.177774193042,6156.79216308821,2310.91265431534,3156.50520222245,8345.34939446112,8910.42050489351,436.513448580751,0,3681.46558489658,8975.97095871797,6556.42100625649,2485.3701300344,3349.48782043986,733.863292552067,6327.1591484194,6450.57577925526,8236.57366125182,5228.58705139136,3195.41153409476,6130.7207127338,579.289663163415,5867.35181371947,467.015712961386,880.462981650421,285.515651377358,1823.71967031914,7392.36098957023,6723.31071355,8777.42301454659,7441.33481987762,708.010948987969,624.768386559324,0,8483.51142402889,2585.55338173917,5118.04046484671,6502.90772243068,497.612236845401,2950.20686238183,6440.49639650147,2823.12930579468,4981.56524665881,8090.25073932672,5471.61686746264,365.391946523455,6208.37424480758,475.535919337789,1149.25893989123,1268.13970640706,5239.06227323359,7645.33991916337,2448.20456602905,6659.3528350898,7249.3827695214,0,11.2998849867045,3138.30479551033,4114.30815059012,1139.19219455291,6461.0793990626,1695.83354637528,815.093018976453,6423.03925719243,3077.82209260818,8596.04186679993,8247.96267020782,6799.04908784825,7963.266511873,231.1930043448,4843.60035626155,136.544758234537,9621.11751400301,477.355565286984,7247.75539009066,8737.29558496295,1559.40052265971,7159.83791637775,6111.35239464098,326.049342199488,0,5036.43815022854,8505.43339753433,3260.19723643506,7605.36687915595,460.037754633297,480.717018653593,4746.25922788265,6373.99292302513,9340.12003004111,4510.4042670132,3548.12819981839,7297.99260382342,888.843585290375,6813.83290254344,722.5016608348,4439.83169725419,355.140504015058,4520.72012988245,7261.10058809329,2714.98327475939,2530.80404840271,4009.89918971271,431.956888900243,783.624695959717,5998.87575934438,6141.45382437577,5779.27800380555,7610.65147694604,6089.05330025202,389.751140410882,5787.69400799782,4402.10981679536,2991.60484177441,7704.24277408314,3916.64179977155,942.370199676018,1480.87277267499,5229.84960714399,637.71116368477,0,557.237410039231,3947.72041388481,7555.72697647677,5699.79785986512,7238.39383382844,7300.00748639234,328.155128389652,1071.8881762829,7204.46706854276,5919.46511375663,7122.76240884754,7974.33012995121,5262.18055901445,8.92423367239871,5765.42307374056,5499.30741807866,0,2953.4479624617,6607.2502582959,7591.35533517137,874.576892592202,5546.58564637351,106.718033568309,3763.37918234093
